model,mean_hallucination_rate,std_hallucination_rate,pct_with_hallucinations,total_summaries
textrank,0.4,0.4898979485566356,0.4,10
bart,0.1,0.3,0.1,10
t5,0.29365079365079366,0.393589985062689,0.4,10
pegasus,0.4,0.4898979485566356,0.4,10
mistral,0.6087995337995338,0.3128754150615568,1.0,10
llama,0.6281539030706622,0.3040018215247322,1.0,10
Mistral + Zero Shot,0.5366111111111111,0.28982822179378626,1.0,10
LLaMA + Few Shot,0.5554895150151526,0.23639737864796992,1.0,10
