Strategy,v1 BERTScore,v2 BERTScore,Δ BERTScore,v1 BLEU,v2 BLEU,Δ BLEU,v1 ROUGE-L,v2 ROUGE-L,Δ ROUGE-L,v1 Hall. Rate,v2 Hall. Rate,Δ Hall. Rate,Hall. Reduced?
Chain Of Thought,0.3964693069458008,0.38832654654979704,-0.008142760396003756,0.004250513278007683,0.00341899523457194,-0.0008315180434357427,0.046424866360671134,0.043458746255687464,-0.0029661201049836702,0.7004083665056853,0.671245222467027,-0.029163144038658273,YES
Extract Then Abstract,0.37347994446754457,0.38298779129981997,0.009507846832275402,0.004046499019674412,0.0038849598065532768,-0.00016153921312113493,0.035061788937756785,0.05038185720010398,0.015320068262347192,0.41216239560499995,0.5035278391096838,0.09136544350468384,NO
Few Shot,0.41020448207855226,0.4151902079582214,0.004985725879669167,0.005120387746658214,0.005149191745473459,2.880399881524491e-05,0.05485093490469593,0.06564203077796146,0.01079109587326553,0.6822282937188597,0.5554895150151526,-0.1267387787037071,YES
Role,0.3897733151912689,0.3819853127002716,-0.0077880024909973145,0.0035186646980348304,0.0029654413480944,-0.0005532233499404302,0.0464996160319273,0.03790097063833641,-0.008598645393590891,0.6581776118618223,0.6828673379760336,0.024689726114211274,NO
Structured,0.3896837055683136,0.3808202475309372,-0.008863458037376426,0.004264685324252044,0.004789439047475435,0.0005247537232233911,0.04897288821173173,0.05022295159322352,0.0012500633814917922,0.4428937728937729,0.5581689123884246,0.11527513949465168,NO
Zero Shot,0.3932489037513733,0.3960295975208282,0.002780693769454945,0.0036897390798875233,0.00425980639333113,0.0005700673134436071,0.042852675669657725,0.04813297437278067,0.0052802987031229445,0.5979405822935234,0.6568600079469644,0.05891942565344099,NO
