Strategy,v1 BERTScore,v2 BERTScore,Δ BERTScore,v1 BLEU,v2 BLEU,Δ BLEU,v1 ROUGE-L,v2 ROUGE-L,Δ ROUGE-L,v1 Hall. Rate,v2 Hall. Rate,Δ Hall. Rate,Hall. Reduced?
Chain Of Thought,0.41193717420101167,0.39535570740699766,-0.01658146679401401,0.0046670769130440215,0.004307101641061685,-0.0003599752719823362,0.06024886329379521,0.05307603217061405,-0.007172831123181157,0.5965081300813008,0.5760812873078897,-0.020426842773411114,YES
Extract Then Abstract,0.421519410610199,0.41432662308216095,-0.007192787528038036,0.004921252293135437,0.004946915047728279,2.5662754592842285e-05,0.06760790256319645,0.05708061400955679,-0.010527288553639658,0.5793330699938252,0.6207181834415243,0.04138511344769913,NO
Few Shot,0.41469005942344667,0.4153867721557617,0.0006967127323150302,0.00487280902675854,0.006027209261316966,0.0011544002345584255,0.06256359431577083,0.06521902856896954,0.00265543425319871,0.590228981544771,0.6022780435938331,0.012049062049062087,NO
Role,0.3918822318315506,0.40231838524341584,0.010436153411865268,0.004421764624697372,0.004557206996064775,0.00013544237136740335,0.04762723606135483,0.05429759271098276,0.00667035664962793,0.5276326386791503,0.5232784233310549,-0.004354215348095436,YES
Structured,0.38863411247730256,0.3823157802224159,-0.006318332254886649,0.0048254557979959915,0.010112885648253512,0.00528742985025752,0.061794950579763766,0.052382143914430426,-0.00941280666533334,0.5009890535161433,0.43186924502713975,-0.06911980848900356,YES
Zero Shot,0.413392698764801,0.41989093124866483,0.006498232483863831,0.005207623400335261,0.005427111263087586,0.00021948786275232442,0.06360590156801989,0.0640974138085744,0.0004915122405545064,0.5528019138484255,0.5366111111111111,-0.016190802737314325,YES
